0,F4GOH   ,
1,ID51 ,
2,73 Anthony,
3,0,
4,"47�53,42'N",
5,"000�16,61'E",
6,-7,
7,>,
8,https://hamprojects.wordpress.com/,
9,3,
:,0,
;,0,
<,1,
=,>,
>,F4GOH  G,F4GOH  B
?,F4GOH  G,CONTROL 
@,F4EED  G,F4EED  B
A,F4GUG  G,F4GUG  B
B,F4HGI  G,F4HGI  B
C,F1HKN  G,F1HKN  C
D,F4LIT  G,F4LIT  B
E,F4RAV  G,F4RAV  B
F,F4GMU  G,F4GMU  C
G,F1JMN  G,F1JMN  C
H,TK1LG  G,TK1LG  C
I,F4BQH  G,F4BQH  B
J,F5STO  G,F5STO  C
K,F1GTH  G,F1GTH  C
L,F5IDF  G,F5IDF  C
M,F4EMB  G,F4EBM  C
N,O,
O,CQCQCQ  ,
P,DCS033CL,
Q,DCS033TL,
R,DCS033QL,
S,HALT    ,
T,REBOOT  ,
U,DCS005DL,
V,DCS001QL,
W,DCS004DL,
X,DCS007WL,
Y,DCS019XL,
Z,DCS010RL,
[,DCS012IL,
\,DCS013PL,
],DCS023CL,
^,DCS033CL,
